team;T.min.;ints;dur;gr_int;pos;neg
10;1;18;50;5;4;0
10;2;21;78;5;7;2
10;3;19;77;0;4;0
10;4;20;156;0;3;1
10;5;19;86;0;3;2
10;6;22;84;0;2;0
10;7;16;62;2;1;0
10;8;26;96;1;2;0
10;9;15;49;6;2;2
10;10;18;67;8;3;2
10;11;13;59;2;0;0
10;12;3;8;0;0;0
10;13;15;48;2;5;0
10;14;25;63;5;7;0
10;15;35;72;8;7;0
10;16;24;57;6;1;1
10;17;17;62;2;4;0
10;18;23;67;2;2;1
10;19;18;63;2;4;1
10;20;16;49;6;2;0
10;21;16;56;3;4;0
10;22;18;53;4;3;0
10;23;26;71;11;11;0
10;24;20;65;10;1;2
10;25;23;67;10;9;0
10;26;12;35;4;4;0
10;27;14;54;4;5;1
10;28;15;38;5;6;2
10;29;10;34;2;0;0
10;30;13;34;2;1;0
10;31;9;25;2;2;0
10;32;11;45;4;3;1
10;33;8;57;3;0;0
10;34;11;49;1;1;1
10;35;15;68;0;2;3
10;36;17;78;0;5;0
10;37;22;82;1;4;1
10;38;19;75;0;0;0
10;39;16;55;0;0;0
10;40;11;88;0;0;1
10;41;22;80;0;5;2
10;42;3;18;0;0;1
10;43;24;44;9;4;1
10;44;26;71;6;10;0
10;45;22;46;3;5;0
10;46;30;55;12;4;1
10;47;2;3;0;0;0
11;1;12;27;5;3;1
11;2;11;29;2;1;3
11;3;8;24;3;0;1
11;4;15;38;5;1;0
11;5;18;53;9;0;0
11;6;22;46;2;1;2
11;7;20;73;0;0;5
11;8;27;68;2;1;3
11;9;23;64;2;2;3
11;10;25;76;2;0;1
11;11;14;51;2;1;0
11;12;27;82;0;2;0
11;13;21;59;2;3;1
11;14;15;42;5;2;1
11;15;12;42;6;3;0
11;16;20;64;8;1;1
11;17;19;43;7;2;1
11;18;17;47;6;0;0
11;19;15;44;3;1;0
11;20;21;54;4;0;4
11;21;21;58;1;4;4
11;22;19;36;4;0;8
11;23;23;55;3;1;1
11;24;29;71;2;1;2
11;25;28;66;1;1;1
11;26;14;41;1;0;0
11;27;26;56;2;0;3
11;28;26;79;0;4;0
11;29;17;38;0;0;0
11;30;25;44;5;2;3
11;31;34;53;6;0;2
11;32;20;49;3;3;5
11;33;21;43;7;1;2
11;34;8;15;3;0;0
11;35;25;45;5;3;1
11;36;5;11;0;0;1
11;37;13;29;0;1;2
11;38;9;19;1;0;0
11;39;17;48;1;0;1
11;40;16;26;1;1;0
11;41;21;49;3;3;0
11;42;18;40;1;0;0
11;43;27;61;6;3;0
11;44;19;45;7;0;0
11;45;16;56;0;1;0
11;46;33;74;4;1;0
11;47;17;35;1;4;0
11;48;16;45;5;1;0
11;49;27;65;2;0;1
11;50;26;75;6;3;0
11;51;11;31;1;0;0
11;52;8;18;1;0;0
11;53;10;29;1;1;1
11;54;8;12;0;1;0
11;55;10;21;3;1;1
11;56;9;18;4;0;0
11;57;15;43;4;1;0
11;58;18;45;0;0;0
11;59;2;2;0;1;0
19;1;25;63;8;7;2
19;2;35;82;15;6;5
19;3;35;92;14;10;5
19;4;36;105;8;11;2
19;5;27;83;2;7;0
19;6;28;68;3;15;0
19;7;30;61;10;6;0
19;8;42;90;18;11;4
19;9;33;105;13;3;10
19;10;35;85;17;10;5
19;11;26;72;12;8;3
19;12;31;78;11;15;0
19;13;42;103;7;11;6
19;14;45;91;16;14;3
19;15;36;90;10;12;2
19;16;24;90;5;2;4
19;17;33;99;12;5;6
19;18;38;99;13;13;5
19;19;47;98;19;14;3
19;20;32;73;13;6;4
19;21;31;75;15;4;2
19;22;42;100;9;5;7
19;23;30;71;3;2;2
19;24;27;86;4;3;2
19;25;26;89;7;7;3
19;26;23;64;9;5;0
19;27;30;100;10;8;2
19;28;38;78;15;7;0
19;29;36;92;13;8;2
19;30;33;96;12;2;1
19;31;38;77;11;1;0
19;32;42;93;20;7;6
19;33;30;97;13;3;0
19;34;33;86;10;7;9
19;35;26;80;8;10;0
19;36;30;87;14;12;3
19;37;43;107;18;10;3
19;38;44;93;21;9;3
19;39;26;78;10;7;4
19;40;24;66;8;2;1
19;41;31;72;15;6;0
19;42;33;67;14;3;0
19;43;37;83;14;4;4
19;44;25;72;8;5;3
19;45;19;71;7;3;0
19;46;18;59;6;1;1
19;47;21;50;10;4;0
19;48;22;59;5;7;0
19;49;20;56;1;1;3
19;50;23;64;5;2;1
19;51;30;87;7;6;7
19;52;19;54;8;7;0
19;53;22;76;8;8;2
19;54;38;73;17;3;4
19;55;18;60;5;2;3
19;56;20;52;4;2;2
19;57;29;61;14;2;1
19;58;43;88;12;4;0
19;59;39;89;13;6;2
19;60;37;89;17;5;3
20;1;33;61;4;15;2
20;2;21;54;4;6;0
20;3;27;76;6;6;3
20;4;29;73;3;2;0
20;5;30;105;1;4;1
20;6;28;57;4;7;3
20;7;36;89;2;2;2
20;8;33;91;5;4;2
20;9;27;111;2;0;4
20;10;33;97;2;0;5
20;11;26;70;3;0;2
20;12;14;51;1;0;3
20;13;25;79;3;2;2
20;14;12;43;2;1;3
20;15;5;17;0;0;0
20;16;37;87;2;1;0
20;17;25;70;3;1;1
20;18;14;31;5;1;5
20;19;12;38;0;1;2
20;20;27;92;2;4;5
20;21;16;60;5;0;5
20;22;20;58;3;2;2
20;23;14;32;2;1;1
20;24;35;84;3;4;4
20;25;31;76;1;2;2
20;26;30;89;1;2;5
20;27;25;87;2;4;2
20;28;21;71;6;0;8
20;29;24;66;2;6;3
20;30;23;64;1;2;2
20;31;36;90;6;1;7
20;32;12;45;2;0;2
20;33;24;63;6;3;2
20;34;29;71;4;1;1
20;35;23;65;5;3;0
20;36;25;73;3;6;1
20;37;24;79;0;3;5
20;38;32;84;3;8;3
20;39;18;67;3;3;3
20;40;7;21;1;2;1
20;41;21;66;2;2;2
20;42;19;62;6;0;0
20;43;33;102;7;7;0
20;44;29;66;8;6;2
20;45;30;88;9;1;1
20;46;30;59;6;4;5
20;47;32;81;9;4;1
20;48;31;103;3;3;2
20;49;20;63;0;6;2
20;50;21;68;0;2;4
20;51;33;68;4;13;1
20;52;26;119;2;5;2
20;53;25;105;4;4;1
20;54;16;50;0;5;2
20;55;14;59;2;0;1
20;56;14;48;2;2;1
20;57;20;58;1;1;6
20;58;17;63;2;2;1
20;59;14;50;0;3;1
20;60;14;32;3;1;1
22;1;14;53;4;0;0
22;2;23;64;1;1;1
22;3;22;75;1;1;0
22;4;16;84;1;2;0
22;5;24;84;0;5;0
22;6;25;67;4;3;0
22;7;25;62;8;0;0
22;8;25;68;11;2;0
22;9;31;77;3;0;0
22;10;33;84;8;3;1
22;11;26;58;6;3;1
22;12;22;61;10;2;1
22;13;31;78;6;2;0
22;14;25;90;2;1;1
22;15;14;62;0;0;0
22;16;26;65;2;2;1
22;17;25;83;2;3;0
22;18;31;78;4;3;1
22;19;36;100;9;3;0
22;20;31;86;9;5;3
22;21;35;111;1;6;1
22;22;36;110;3;3;5
22;23;30;125;1;2;1
22;24;37;96;3;1;1
22;25;28;107;3;1;0
22;26;26;86;3;5;0
22;27;25;75;1;0;2
22;28;33;97;7;0;1
22;29;25;119;3;2;2
22;30;13;57;2;1;1
22;31;25;68;6;3;1
22;32;22;79;7;2;0
22;33;19;65;4;1;0
22;34;25;72;6;0;2
22;35;28;89;4;1;0
22;36;22;60;4;4;0
22;37;32;63;3;3;0
22;38;30;96;8;4;0
22;39;25;71;8;0;0
22;40;23;63;2;1;0
22;41;21;40;5;0;0
22;42;20;57;8;1;0
22;43;21;50;10;2;0
22;44;27;63;3;0;0
22;45;31;67;10;8;1
22;46;24;80;8;2;2
22;47;35;90;7;2;1
22;48;42;116;9;3;0
22;49;34;120;9;3;1
22;50;35;77;14;5;0
22;51;31;92;10;2;1
22;52;37;67;10;9;0
22;53;34;58;16;4;1
23;1;17;54;4;0;0
23;2;28;78;4;3;2
23;3;15;28;1;2;2
23;4;11;38;4;0;0
23;5;9;49;2;3;0
23;6;22;54;4;4;1
23;7;29;75;6;5;2
23;8;31;120;0;3;0
23;9;32;92;0;4;1
23;10;35;87;3;3;1
23;11;24;62;6;0;0
23;12;37;119;0;1;0
23;13;20;51;8;0;2
23;14;23;55;2;0;1
23;15;14;60;7;1;0
23;16;26;55;9;4;0
23;17;16;41;4;3;1
23;18;12;33;4;1;2
23;19;17;61;6;0;0
23;20;28;88;8;1;0
23;21;29;76;14;1;0
23;22;28;69;10;4;3
23;23;27;71;4;3;3
23;24;16;45;4;4;0
23;25;30;50;10;0;10
23;26;16;51;6;3;1
23;27;7;16;1;0;2
23;28;21;38;1;0;0
23;29;24;45;4;2;2
23;30;28;61;11;0;4
23;31;42;72;2;4;1
23;32;22;44;5;2;5
23;33;26;55;7;2;6
23;34;15;58;5;2;1
23;35;12;31;3;0;0
23;36;24;61;5;1;3
23;37;12;24;1;1;1
23;38;18;56;5;3;3
23;39;30;73;11;1;1
23;40;18;42;4;1;3
23;41;10;19;4;0;1
23;42;25;65;8;0;2
23;43;16;44;2;2;1
23;44;24;51;12;0;3
23;45;21;64;2;0;1
23;46;6;14;1;0;0
23;47;19;37;2;0;1
23;48;23;63;7;0;0
23;49;34;80;12;1;0
23;50;37;84;16;2;0
23;51;23;71;11;4;0
23;52;23;64;8;3;3
23;53;20;73;7;1;0
23;54;14;60;1;1;0
23;55;28;87;6;2;2
23;56;35;115;0;1;4
23;57;28;93;0;2;0
23;58;42;145;0;5;1
23;59;42;114;0;4;2
23;60;33;127;0;2;4
24;1;36;84;15;11;2
24;2;30;76;14;8;6
24;3;42;82;12;10;4
24;4;29;66;10;13;3
24;5;41;92;7;10;7
24;6;24;63;7;5;4
24;7;17;39;2;1;7
24;8;22;78;0;4;0
24;9;31;95;0;3;5
24;10;25;71;1;3;2
24;11;22;66;0;4;3
24;12;29;84;0;5;5
24;13;26;66;7;5;2
24;14;25;75;7;4;5
24;15;20;54;6;4;4
24;16;23;58;4;12;4
24;17;23;61;10;3;2
24;18;19;58;6;6;6
24;19;21;69;6;2;4
24;20;25;76;12;7;3
24;21;30;76;13;10;4
24;22;20;39;5;4;1
24;23;29;55;9;8;9
24;24;20;63;5;5;5
24;25;27;56;10;4;7
24;26;11;27;5;1;3
24;27;14;32;5;2;5
24;28;20;56;6;4;2
24;29;32;74;10;8;2
24;30;24;52;4;5;2
24;31;16;34;2;3;1
24;32;20;54;4;7;0
24;33;23;55;2;5;1
24;34;17;48;2;3;0
24;35;17;41;5;4;3
24;36;19;53;3;5;0
24;37;30;80;7;11;2
24;38;21;43;3;5;0
24;39;38;83;10;8;3
24;40;30;74;5;5;3
24;41;24;45;3;8;3
24;42;50;106;13;12;9
24;43;40;87;20;15;4
24;44;34;71;16;6;6
24;45;23;65;11;3;5
24;46;39;102;2;5;4
24;47;29;85;0;7;5
24;48;38;115;0;5;3
24;49;41;99;0;9;3
24;50;36;97;0;4;6
24;51;19;69;8;3;5
24;52;19;46;4;8;2
24;53;27;62;4;6;6
24;54;22;43;5;6;4
24;55;26;62;3;9;0
24;56;25;56;6;2;11
24;57;11;24;2;2;0
24;58;26;52;4;2;12
24;59;30;98;10;9;5
24;60;24;60;9;8;1
26;1;25;76;10;3;1
26;2;39;96;14;3;2
26;3;31;87;5;4;3
26;4;37;106;12;0;3
26;5;37;114;7;1;11
26;6;31;90;7;5;2
26;7;24;64;7;9;6
26;8;34;80;8;2;3
26;9;28;73;9;3;5
26;10;30;90;6;1;4
26;11;35;80;12;1;6
26;12;38;81;8;2;6
26;13;31;80;9;0;11
26;14;25;77;2;5;0
26;15;26;77;1;5;0
26;16;32;94;4;0;1
26;17;28;98;5;1;2
26;18;25;66;4;1;1
26;19;27;74;3;2;2
26;20;18;73;3;1;1
26;21;21;66;4;1;0
26;22;23;61;5;1;2
26;23;38;79;2;3;1
26;24;30;112;4;1;8
26;25;16;61;4;0;2
26;26;20;53;7;4;1
26;27;26;77;4;1;0
26;28;32;83;4;0;1
26;29;11;40;0;2;2
26;30;5;15;0;0;1
26;31;30;67;7;0;5
26;32;29;77;9;6;2
26;33;28;80;2;4;8
26;34;38;84;11;0;4
26;35;31;81;10;9;1
26;36;33;91;10;2;0
26;37;42;107;18;0;0
26;38;32;89;11;3;7
26;39;49;116;15;4;2
26;40;39;99;15;3;2
26;41;26;58;8;2;2
26;42;30;79;7;4;0
26;43;34;121;4;2;0
26;44;36;122;2;5;0
26;45;27;97;5;2;3
26;46;20;72;3;3;4
26;47;30;86;6;6;1
26;48;19;45;5;1;1
26;49;20;51;3;1;2
26;50;37;94;8;3;4
26;51;37;108;4;3;1
26;52;41;147;0;4;2
26;53;28;119;1;0;1
26;54;37;108;5;2;4
26;55;38;93;17;5;1
26;56;44;102;19;5;1
26;57;41;86;15;7;1
26;58;32;72;7;4;1
26;59;22;39;9;2;0
27;1;29;84;8;4;0
27;2;42;97;10;16;0
27;3;29;105;6;6;0
27;4;39;100;6;1;0
27;5;31;83;8;8;0
27;6;44;112;4;9;2
27;7;27;78;3;1;1
27;8;41;83;9;6;1
27;9;32;68;3;6;0
27;10;7;20;2;0;0
27;11;15;45;7;1;0
27;12;20;56;3;2;0
27;13;21;69;3;1;0
27;14;25;83;4;1;0
27;15;19;58;3;2;1
27;16;30;117;3;4;0
27;17;21;102;2;1;0
27;18;19;70;5;2;1
27;19;29;72;2;2;1
27;20;22;79;11;0;0
27;21;24;54;8;1;0
27;22;39;106;4;2;1
27;23;20;83;1;1;0
27;24;26;72;5;1;5
27;25;27;106;3;1;0
27;26;29;118;4;0;3
27;27;30;61;2;4;0
27;28;38;96;16;6;0
27;29;34;101;12;1;4
27;30;16;44;3;1;0
27;31;17;54;5;3;1
27;32;22;103;0;1;0
27;33;26;73;5;2;0
27;34;21;90;5;5;1
27;35;13;44;2;1;1
27;36;23;73;3;3;0
27;37;17;62;6;2;0
27;38;27;67;11;4;1
27;39;23;65;1;2;4
27;40;18;54;4;1;0
27;41;19;73;4;1;0
27;42;11;33;2;4;0
27;43;14;69;7;2;1
27;44;32;74;8;3;2
27;45;22;91;6;2;1
27;46;26;73;4;2;1
27;47;31;94;3;7;0
27;48;34;78;6;3;0
27;49;37;103;13;9;2
27;50;31;81;14;5;1
27;51;29;77;7;1;0
27;52;18;79;2;1;0
27;53;17;66;1;2;1
27;54;17;50;5;1;0
27;55;33;105;0;1;0
27;56;32;133;0;7;0
27;57;32;128;4;6;0
27;58;32;107;1;3;0
27;59;36;113;14;2;0
27;60;40;107;13;9;0
28;1;24;69;10;4;0
28;2;24;62;8;0;0
28;3;22;60;6;0;0
28;4;12;65;4;0;0
28;5;27;80;7;1;2
28;6;15;67;0;2;1
28;7;21;56;5;0;0
28;8;15;50;1;1;0
28;9;9;28;1;1;0
28;10;14;49;3;2;0
28;11;35;105;1;3;0
28;12;19;51;6;3;0
28;13;24;59;5;0;0
28;14;22;70;2;1;0
28;15;24;77;0;1;2
28;16;24;73;1;0;1
28;17;32;101;1;1;0
28;18;11;64;1;0;0
28;19;30;83;2;4;0
28;20;36;99;11;1;0
28;21;26;64;13;1;0
28;22;12;30;2;0;0
28;23;8;24;2;0;0
28;24;18;46;6;2;0
28;25;10;27;1;0;0
28;26;18;68;4;1;3
28;27;29;66;5;0;0
28;28;19;62;5;1;0
28;29;11;35;3;2;1
28;30;21;63;8;2;0
28;31;12;54;0;3;0
28;32;22;89;1;0;2
28;33;25;84;2;1;0
28;34;23;72;9;2;0
28;35;34;87;17;2;0
28;36;16;46;3;4;0
28;37;20;57;6;0;0
28;38;20;56;3;4;0
28;39;13;45;0;2;0
28;40;15;69;1;1;1
28;41;12;29;4;1;0
28;42;6;21;0;0;0
28;43;9;21;0;0;0
28;44;29;83;7;0;1
28;45;19;69;0;0;0
28;46;8;53;0;2;0
28;47;17;105;1;1;0
28;48;20;72;0;0;2
28;49;21;65;0;0;0
28;50;16;54;6;0;0
28;51;20;46;9;1;1
28;52;19;65;3;2;0
28;53;21;97;4;0;0
28;54;21;73;0;4;4
28;55;17;47;0;0;0
28;56;19;87;0;1;0
28;57;17;38;3;2;3
28;58;14;58;3;2;0
28;59;13;34;3;0;0
28;60;18;52;0;0;1
29;1;31;96;12;1;0
29;2;28;115;6;0;0
29;3;18;72;9;1;0
29;4;24;85;9;2;0
29;5;27;90;4;0;2
29;6;23;92;2;1;0
29;7;36;91;12;3;0
29;8;26;68;4;3;0
29;9;30;103;5;3;4
29;10;30;111;5;3;3
29;11;16;60;0;2;0
29;12;19;72;1;2;0
29;13;32;87;6;1;0
29;14;24;124;7;1;1
29;15;4;28;0;0;0
29;16;18;74;3;0;2
29;17;29;76;6;1;0
29;18;19;67;5;3;0
29;19;25;79;2;0;0
29;20;35;80;1;3;0
29;21;23;84;10;3;0
29;22;11;52;4;2;0
29;23;26;90;9;2;0
29;24;24;61;6;0;0
29;25;40;95;13;2;2
29;26;25;72;4;1;0
29;27;25;70;5;2;0
29;28;25;82;7;2;1
29;29;18;58;9;1;0
29;30;24;63;2;0;0
29;31;16;85;4;0;0
29;32;17;74;2;1;1
29;33;24;60;3;0;1
29;34;29;80;12;3;0
29;35;25;74;8;2;1
29;36;22;67;2;0;0
29;37;21;71;4;1;1
29;38;17;112;2;0;0
29;39;11;73;1;0;0
29;40;10;50;2;1;0
29;41;12;66;5;2;0
29;42;22;73;2;1;0
29;43;22;83;7;0;0
29;44;9;27;1;0;0
29;45;35;83;6;1;0
29;46;29;81;9;4;1
29;47;18;49;5;0;0
29;48;14;46;1;0;0
29;49;26;78;5;0;0
29;50;18;80;8;1;3
29;51;29;113;12;2;0
29;52;22;74;0;3;0
29;53;22;64;7;1;0
29;54;27;95;13;4;0
29;55;41;104;16;2;5
29;56;12;42;6;1;0
29;57;15;52;3;2;0
29;58;32;108;6;1;5
29;59;31;96;3;1;3
29;60;20;72;6;2;0
31;1;24;76;6;8;0
31;2;17;43;1;3;0
31;3;22;76;0;2;0
31;4;15;71;0;1;0
31;5;14;52;1;3;0
31;6;21;77;2;2;0
31;7;21;88;0;0;0
31;8;24;72;3;3;0
31;9;26;64;1;2;0
31;10;12;50;4;0;0
31;11;16;47;1;2;0
31;12;26;74;7;2;0
31;13;13;50;3;0;0
31;14;25;78;8;0;0
31;15;20;62;5;3;0
31;16;28;82;13;3;0
31;17;20;65;8;1;0
31;18;11;67;5;1;0
31;19;21;73;4;3;3
31;20;15;81;3;0;0
31;21;13;41;1;1;0
31;22;19;61;2;2;1
31;23;24;70;2;0;0
31;24;16;58;1;1;1
31;25;27;91;5;2;1
31;26;13;40;3;0;1
31;27;29;80;11;8;0
31;28;17;57;4;1;0
31;29;18;56;3;3;1
31;30;27;71;3;2;0
31;31;18;82;6;1;1
31;32;19;65;3;2;0
31;33;15;47;4;5;0
31;34;25;74;2;10;0
31;35;23;74;0;1;1
31;36;20;86;0;0;1
31;37;20;56;0;1;2
31;38;27;84;4;2;3
31;39;16;63;8;2;1
31;40;22;71;7;3;0
31;41;13;70;1;3;0
31;42;26;83;7;3;2
31;43;22;151;1;4;1
31;44;23;86;4;3;2
31;45;32;82;1;6;0
31;46;11;41;1;1;0
31;47;27;91;2;5;0
31;48;22;99;4;5;1
31;49;21;65;4;0;0
31;50;21;99;0;1;1
31;51;29;81;6;3;2
31;52;19;60;6;2;0
31;53;18;75;5;1;0
31;54;19;54;2;4;1
31;55;4;20;0;0;0
31;56;23;63;5;1;0
31;57;19;56;9;2;2
31;58;29;89;13;4;0
31;59;30;90;8;4;1
31;60;33;84;12;5;0
32;1;28;71;11;4;3
32;2;16;42;0;4;1
32;3;16;76;0;3;4
32;4;21;82;0;7;1
32;5;20;47;0;5;4
32;6;18;73;0;3;2
32;7;25;95;6;11;1
32;8;27;98;3;0;10
32;9;33;71;14;14;5
32;10;18;48;6;3;8
32;11;27;85;11;9;1
32;12;27;77;11;6;8
32;13;37;92;14;12;9
32;14;28;85;9;5;9
32;15;23;60;6;5;5
32;16;28;74;6;6;5
32;17;22;57;1;4;7
32;18;16;64;1;5;5
32;19;27;76;3;7;6
32;20;26;70;6;11;5
32;21;15;42;2;7;4
32;22;25;77;5;3;11
32;23;34;106;7;5;8
32;24;19;54;3;6;4
32;25;27;86;8;7;5
32;26;21;80;2;6;5
32;27;42;98;18;17;6
32;28;25;82;9;7;11
32;29;46;100;20;15;15
32;30;20;49;7;4;9
32;31;26;73;6;2;11
32;32;22;54;6;6;3
32;33;38;85;15;13;4
32;34;33;90;10;14;2
32;35;27;85;11;17;1
32;36;36;93;15;15;7
32;37;30;87;13;19;3
32;38;35;88;14;20;3
32;39;39;95;12;12;4
32;40;27;62;4;5;7
32;41;36;83;18;12;14
32;42;16;39;6;6;3
32;43;46;99;18;20;10
32;44;42;106;21;16;20
32;45;42;105;15;8;17
32;46;34;106;1;4;8
32;47;37;77;9;9;13
32;48;15;23;6;4;3
33;1;30;74;10;5;0
33;2;35;102;2;3;0
33;3;29;95;1;5;0
33;4;35;81;4;3;1
33;5;12;76;6;2;0
33;6;16;48;5;0;1
33;7;25;56;8;7;0
33;8;18;46;8;1;3
33;9;22;65;6;4;0
33;10;20;57;3;1;0
33;11;19;71;1;2;0
33;12;28;61;12;5;0
33;13;18;48;5;0;2
33;14;5;15;2;0;0
33;15;19;56;8;2;0
33;16;34;65;9;1;0
33;17;34;77;10;2;1
33;18;22;51;4;1;0
33;19;19;58;3;2;0
33;20;23;54;9;2;1
33;21;21;56;2;1;0
33;22;27;66;5;4;0
33;23;19;55;0;1;0
33;24;21;52;2;2;0
33;25;9;19;2;1;0
33;26;9;76;4;0;0
33;27;7;35;1;1;0
33;28;13;59;3;2;0
33;29;11;54;5;2;0
33;30;27;78;2;1;0
33;31;34;145;0;5;0
33;32;23;87;2;1;0
33;33;22;88;3;3;0
33;34;22;95;0;4;0
33;35;20;79;4;1;0
33;36;17;55;0;1;0
33;37;27;53;6;4;0
33;38;21;72;6;3;0
33;39;20;65;4;3;0
33;40;14;44;1;1;0
33;41;6;39;0;1;0
33;42;20;58;2;5;0
33;43;20;49;0;6;0
33;44;15;34;2;1;0
33;45;28;59;6;3;0
33;46;37;78;5;3;1
33;47;37;70;8;4;0
33;48;25;65;3;5;0
33;49;28;80;6;3;1
33;50;24;48;2;8;0
33;51;21;50;3;3;0
33;52;16;36;1;2;0
33;53;10;46;2;0;0
33;54;14;39;4;0;0
33;55;16;59;0;1;0
33;56;11;24;1;0;0
33;57;15;41;0;1;0
33;58;18;45;1;0;0
33;59;17;54;4;2;0
33;60;9;29;3;1;0
34;1;24;64;3;6;1
34;2;39;107;3;5;9
34;3;33;76;2;7;6
34;4;27;49;3;5;0
34;5;34;106;3;11;0
34;6;33;80;0;3;3
34;7;29;116;6;4;1
34;8;18;36;8;4;2
34;9;14;45;7;0;0
34;10;22;59;7;4;3
34;11;15;38;7;1;0
34;12;24;56;10;0;2
34;13;19;65;7;0;0
34;14;12;32;3;0;0
34;15;16;54;4;3;0
34;16;15;52;3;1;5
34;17;19;77;8;2;1
34;18;29;83;10;2;2
34;19;27;74;8;0;2
34;20;11;29;3;0;0
34;21;15;46;6;0;1
34;22;22;70;4;1;1
34;23;14;42;2;0;1
34;24;12;37;5;0;0
34;25;8;22;1;0;0
34;26;28;88;9;0;2
34;27;25;62;7;0;3
34;28;30;70;7;1;1
34;29;20;72;7;0;0
34;30;18;62;5;0;0
34;31;18;62;3;1;0
34;32;14;57;4;0;0
34;33;7;25;0;0;0
34;34;20;77;5;1;0
34;35;12;28;4;0;0
34;36;30;62;12;0;0
34;37;27;79;8;1;0
34;38;15;39;5;0;0
34;39;5;19;2;0;0
34;40;13;44;4;0;1
34;41;8;33;1;0;0
34;42;22;60;1;0;0
34;43;12;31;1;0;1
34;44;28;67;8;0;0
34;45;11;50;3;1;0
34;46;14;41;1;0;0
34;47;14;40;2;0;0
34;48;6;15;1;0;0
34;49;14;34;3;3;0
34;50;10;20;2;0;0
34;51;12;39;1;1;0
34;52;21;52;10;0;0
34;53;13;54;2;0;1
34;54;26;69;7;4;1
34;55;22;69;3;1;0
34;56;15;36;1;2;3
34;57;12;45;1;0;1
34;58;16;28;2;1;2
34;59;3;10;1;0;0
34;60;5;11;1;1;0
36;1;29;103;4;3;2
36;2;35;90;2;4;1
36;3;38;99;4;4;1
36;4;35;85;5;2;1
36;5;28;76;4;1;0
36;6;30;91;6;3;1
36;7;17;85;4;1;0
36;8;36;92;0;3;0
36;9;29;86;4;0;0
36;10;39;92;5;4;2
36;11;25;67;2;0;2
36;12;22;65;0;2;1
36;13;38;99;2;1;5
36;14;31;80;2;1;0
36;15;31;81;4;2;2
36;16;36;99;11;0;4
36;17;35;104;8;1;3
36;18;29;87;13;2;1
36;19;26;69;5;3;0
36;20;26;81;5;1;0
36;21;22;56;8;3;0
36;22;23;74;3;2;0
36;23;19;66;5;0;0
36;24;20;63;6;2;1
36;25;23;66;11;1;0
36;26;34;94;9;1;7
36;27;24;70;4;1;0
36;28;8;30;0;0;0
36;29;24;66;3;1;3
36;30;17;37;1;1;1
36;31;26;74;8;1;3
36;32;28;89;9;6;7
36;33;29;84;9;1;1
36;34;24;81;7;3;6
36;35;31;83;15;3;0
36;36;27;83;12;3;0
36;37;23;85;9;4;0
36;38;17;110;0;0;0
36;39;19;77;4;0;3
36;40;13;52;1;0;0
36;41;20;71;0;0;2
36;42;11;29;0;0;0
36;43;22;61;4;1;1
36;44;20;63;9;0;0
36;45;27;79;11;1;2
36;46;25;81;9;3;1
36;47;36;100;15;4;1
36;48;33;91;10;3;0
36;49;24;93;7;1;0
36;50;25;72;1;0;0
36;51;15;35;3;0;2
36;52;38;97;11;3;3
36;53;33;93;11;2;1
36;54;32;81;15;4;0
36;55;38;100;17;0;0
36;56;14;75;6;1;0
36;57;22;100;10;0;2
36;58;18;64;4;0;2
36;59;15;73;3;5;1
36;60;23;87;10;2;1
38;1;23;61;2;2;0
38;2;20;68;6;3;0
38;3;16;58;6;0;0
38;4;12;51;4;0;0
38;5;15;36;2;0;0
38;6;17;37;2;1;0
38;7;25;63;7;1;0
38;8;19;51;3;2;0
38;9;21;55;10;0;0
38;10;19;54;2;0;0
38;11;26;96;5;4;0
38;12;14;42;0;0;0
38;13;23;61;4;1;0
38;14;21;65;2;1;0
38;15;23;57;9;0;0
38;16;11;33;4;0;0
38;17;10;58;1;0;0
38;18;21;44;1;6;0
38;19;31;74;7;1;0
38;20;16;58;3;0;0
38;21;8;21;1;0;0
38;22;10;36;1;0;0
38;23;28;66;4;0;0
38;24;22;61;6;0;0
38;25;19;61;2;0;0
38;26;21;66;4;0;0
38;27;20;67;3;2;0
38;28;19;57;4;2;1
38;29;10;45;4;0;0
38;30;20;51;3;2;0
38;31;17;52;3;1;0
38;32;13;42;5;2;0
38;33;22;75;7;1;0
38;34;13;61;1;0;0
38;35;16;66;3;1;0
38;36;14;43;3;1;0
38;37;15;50;2;0;0
38;38;22;71;4;3;0
38;39;16;38;1;6;1
38;40;7;22;2;3;0
38;41;10;35;2;4;0
38;42;24;81;11;2;0
38;43;26;77;5;4;1
38;44;24;78;10;2;0
38;45;22;70;8;2;0
38;46;23;60;8;2;1
38;47;24;68;3;1;0
38;48;12;40;5;0;0
38;49;15;70;3;1;0
38;50;30;61;11;0;0
38;51;29;72;9;7;0
38;52;35;66;12;2;0
38;53;21;51;7;3;0
38;54;21;84;0;0;0
38;55;18;53;1;1;0
38;56;26;66;5;7;0
38;57;13;34;3;1;0
38;58;4;9;2;1;0
39;1;19;53;7;4;0
39;2;13;40;4;1;0
39;3;17;68;1;1;0
39;4;16;61;0;3;0
39;5;19;59;2;1;0
39;6;26;79;9;3;0
39;7;31;87;12;2;0
39;8;18;61;5;1;0
39;9;18;53;3;0;0
39;10;14;31;6;3;0
39;11;16;75;8;2;1
39;12;21;72;0;0;0
39;13;16;42;0;1;0
39;14;14;45;0;1;0
39;15;16;51;4;1;0
39;16;8;20;3;0;0
39;17;10;44;1;0;0
39;18;7;15;3;0;0
39;19;9;34;1;1;0
39;20;5;39;0;1;0
39;21;31;71;9;7;1
39;22;14;36;1;1;1
39;23;14;39;2;1;0
39;24;22;55;5;0;9
39;25;12;35;0;0;0
39;26;14;50;1;1;0
39;27;14;38;3;0;0
39;28;14;41;3;5;0
39;29;20;62;0;3;0
39;30;23;55;5;0;0
39;31;17;39;2;1;0
39;32;17;43;0;3;0
39;33;22;55;0;0;0
39;34;10;29;2;0;0
39;35;25;63;3;1;0
39;36;13;47;4;2;0
39;37;11;56;5;0;0
39;38;16;60;8;2;0
39;39;22;69;10;1;0
39;40;13;39;6;0;0
39;41;27;87;3;5;0
39;42;29;106;0;0;0
39;43;24;120;0;1;0
39;44;27;126;0;0;0
39;45;29;131;0;1;0
39;46;16;81;0;3;0
39;47;23;77;7;1;0
39;48;8;26;1;2;0
39;49;15;43;7;0;1
39;50;26;80;5;5;1
39;51;23;46;1;4;0
39;52;26;65;5;4;0
39;53;15;48;1;1;0
39;54;3;7;0;0;0
39;55;14;56;2;0;0
39;56;12;62;1;0;0
39;57;15;44;7;2;0
39;58;17;65;3;4;0
39;59;12;60;4;0;0
39;60;14;44;3;3;0
40;1;28;89;8;7;0
40;2;26;79;11;4;0
40;3;30;88;8;2;0
40;4;43;104;15;7;0
40;5;24;82;6;3;0
40;6;22;80;1;3;0
40;7;24;61;11;3;0
40;8;19;60;6;7;0
40;9;34;114;15;1;3
40;10;24;71;11;8;0
40;11;30;96;3;4;1
40;12;27;123;0;1;1
40;13;26;86;1;7;0
40;14;25;110;0;4;1
40;15;30;109;0;3;0
40;16;15;86;0;1;0
40;17;24;93;1;1;4
40;18;35;120;2;3;3
40;19;37;102;1;1;5
40;20;28;87;4;0;5
40;21;17;51;2;0;1
40;22;23;87;4;0;4
40;23;23;89;5;1;0
40;24;18;91;6;1;3
40;25;26;76;8;5;1
40;26;22;80;6;1;0
40;27;32;83;9;12;0
40;28;19;82;8;3;0
40;29;23;89;4;0;0
40;30;11;89;2;2;0
40;31;13;55;0;2;0
40;32;16;78;4;4;0
40;33;13;55;6;4;0
40;34;34;102;13;6;0
40;35;30;83;12;3;2
40;36;23;106;5;2;0
40;37;21;98;0;4;0
40;38;25;112;1;9;3
40;39;28;80;3;12;1
40;40;19;62;4;5;0
40;41;19;68;5;6;0
40;42;32;102;8;5;5
40;43;6;26;3;0;0
40;44;24;63;11;0;1
40;45;14;66;6;1;1
40;46;20;81;10;5;1
40;47;26;105;4;3;0
40;48;25;96;8;5;0
40;49;23;99;11;5;1
40;50;12;68;4;1;1
40;51;19;65;2;1;0
40;52;32;86;11;3;1
40;53;17;74;5;1;0
40;54;16;69;5;2;1
40;55;20;59;7;4;1
40;56;20;68;8;1;2
40;57;14;55;2;3;1
40;58;23;86;5;2;0
40;59;26;74;6;0;2
40;60;20;75;7;0;1
41;1;24;61;6;0;0
41;2;23;72;6;1;0
41;3;21;83;0;0;0
41;4;28;120;0;1;0
41;5;25;69;0;6;0
41;6;24;100;0;1;0
41;7;31;119;0;1;0
41;8;30;106;2;1;0
41;9;21;79;0;1;0
41;10;20;72;2;1;0
41;11;29;63;5;8;0
41;12;31;93;14;1;0
41;13;14;62;1;0;0
41;14;11;63;0;1;0
41;15;22;84;0;2;0
41;16;31;121;0;2;0
41;17;33;96;0;0;0
41;18;22;83;0;0;0
41;19;24;78;6;2;0
41;20;28;81;7;0;0
41;21;28;84;7;2;0
41;22;26;84;8;2;0
41;23;33;76;3;2;1
41;24;29;89;6;2;0
41;25;16;73;5;1;1
41;26;29;92;2;0;0
41;27;15;84;1;1;0
41;28;19;72;2;0;0
41;29;31;90;1;1;0
41;30;14;55;5;0;1
41;31;14;74;4;0;0
41;32;27;72;11;1;0
41;33;16;54;6;1;0
41;34;16;63;5;1;0
41;35;25;67;5;1;0
41;36;20;59;4;0;1
41;37;15;50;4;2;0
41;38;14;69;5;1;0
41;39;27;84;5;1;0
41;40;27;82;3;1;0
41;41;22;64;4;3;0
41;42;25;52;5;0;1
41;43;21;53;8;2;0
41;44;31;86;8;3;1
41;45;18;60;8;0;1
41;46;26;60;10;0;0
41;47;30;86;9;0;0
41;48;19;56;5;0;0
41;49;40;85;11;0;1
41;50;7;44;2;0;0
41;51;8;34;2;0;0
41;52;12;54;1;0;0
41;53;13;69;1;0;0
41;54;20;83;3;1;0
41;55;28;75;7;4;1
41;56;26;77;13;2;0
41;57;18;72;7;0;0
41;58;33;92;13;0;0
41;59;30;79;13;0;0
41;60;23;53;11;0;1
42;1;14;68;6;1;1
42;2;33;79;8;7;0
42;3;32;81;3;1;0
42;4;31;79;4;5;1
42;5;31;89;5;9;1
42;6;19;63;4;2;2
42;7;15;62;4;0;0
42;8;19;55;3;0;0
42;9;19;52;4;0;0
42;10;18;50;7;0;0
42;11;27;74;6;1;0
42;12;31;83;2;2;0
42;13;25;78;3;1;2
42;14;15;58;1;4;0
42;15;17;48;1;0;0
42;16;24;66;4;1;0
42;17;29;76;6;3;4
42;18;18;66;4;0;2
42;19;20;65;4;2;0
42;20;16;44;2;2;0
42;21;25;61;2;3;2
42;22;13;36;1;0;0
42;23;21;78;5;2;0
42;24;27;73;0;1;1
42;25;29;91;10;4;1
42;26;26;86;3;4;0
42;27;30;84;2;9;0
42;28;12;46;4;3;0
42;29;18;64;3;1;1
42;30;30;90;4;3;0
42;31;15;69;0;1;1
42;32;26;83;3;1;0
42;33;31;90;5;2;4
42;34;27;81;5;1;0
42;35;21;61;2;0;0
42;36;23;56;7;0;0
42;37;21;62;3;0;0
42;38;25;68;1;2;0
42;39;25;120;6;3;1
42;40;29;126;8;2;0
42;41;25;92;5;3;0
42;42;44;133;4;4;0
42;43;40;128;5;3;0
42;44;33;97;14;3;0
42;45;39;99;9;11;4
42;46;37;78;17;3;1
42;47;36;87;14;4;3
42;48;28;73;9;4;1
42;49;34;95;15;2;1
42;50;28;67;12;3;0
42;51;3;6;0;0;0
44;1;20;56;9;3;0
44;2;34;76;7;4;0
44;3;26;64;6;1;0
44;4;28;61;12;0;0
44;5;25;72;3;1;1
44;6;23;57;4;1;0
44;7;16;38;1;0;0
44;8;11;26;4;0;0
44;9;17;45;1;0;0
44;10;17;38;1;0;0
44;11;22;57;3;1;0
44;12;20;48;4;1;0
44;13;30;75;7;1;0
44;14;19;58;5;0;0
44;15;18;42;2;2;0
44;16;16;46;3;1;0
44;17;17;67;3;0;0
44;18;25;79;2;3;1
44;19;10;43;4;1;0
44;20;27;79;7;0;0
44;21;19;67;6;0;0
44;22;16;56;3;0;0
44;23;13;38;4;0;0
44;24;15;56;0;1;0
44;25;28;67;5;1;0
44;26;20;59;6;1;0
44;27;24;57;7;0;0
44;28;22;63;5;1;0
44;29;12;37;3;0;1
44;30;6;16;1;0;0
44;31;17;54;0;0;0
44;32;21;65;4;1;1
44;33;25;100;5;1;0
44;34;29;84;13;1;0
44;35;12;37;1;0;0
44;36;20;66;3;1;0
44;37;15;26;2;0;0
44;38;28;59;4;3;2
44;39;18;45;2;4;0
44;40;29;68;11;0;0
44;41;25;64;7;0;0
44;42;21;73;5;0;0
44;43;30;80;12;1;0
44;44;31;65;11;0;0
44;45;10;27;3;0;0
44;46;26;58;9;0;0
44;47;41;80;15;1;1
44;48;47;86;22;4;0
44;49;21;53;7;0;1
44;50;5;15;2;0;0
45;1;20;68;9;0;0
45;2;13;65;6;2;0
45;3;24;79;7;1;0
45;4;32;84;7;1;2
45;5;24;78;5;4;0
45;6;26;61;2;4;0
45;7;32;75;5;1;1
45;8;27;77;3;5;0
45;9;19;63;0;0;0
45;10;29;89;1;0;0
45;11;15;72;2;0;0
45;12;19;90;3;0;0
45;13;10;38;4;0;0
45;14;22;65;4;3;1
45;15;18;67;2;2;2
45;16;24;78;4;0;1
45;17;25;91;6;1;0
45;18;15;58;6;1;0
45;19;16;96;4;0;0
45;20;5;22;1;1;0
45;21;18;76;3;3;0
45;22;15;56;5;1;0
45;23;17;101;3;0;0
45;24;9;40;2;0;0
45;25;27;71;3;1;0
45;26;18;52;4;1;1
45;27;9;30;1;0;1
45;28;14;36;4;0;0
45;29;19;77;6;4;0
45;30;7;19;0;0;0
45;31;11;42;0;1;2
45;32;24;79;4;0;0
45;33;23;70;8;0;0
45;34;27;87;8;1;0
45;35;19;51;4;2;0
45;36;20;56;4;1;2
45;37;15;59;2;0;0
45;38;13;40;1;0;0
45;39;20;71;6;0;4
45;40;22;70;6;3;0
45;41;12;43;3;1;0
45;42;23;66;4;2;1
45;43;11;56;0;0;0
45;44;24;102;0;3;0
45;45;4;9;0;0;0
45;46;12;33;4;0;2
45;47;19;86;7;2;0
45;48;11;42;3;0;0
45;49;17;99;4;0;0
45;50;14;37;2;0;0
45;51;7;19;3;1;0
45;52;26;84;10;2;0
45;53;9;47;3;0;0
45;54;10;66;4;0;0
45;55;13;45;6;0;0
45;56;19;68;9;0;0
45;57;11;79;2;0;0
45;58;20;91;5;2;2
45;59;24;96;3;3;3
45;60;26;85;7;2;0
46;1;23;96;11;3;0
46;2;40;104;7;9;0
46;3;44;106;3;3;2
46;4;44;131;7;1;0
46;5;32;77;1;0;1
46;6;44;111;2;1;0
46;7;38;99;12;1;0
46;8;27;97;4;2;0
46;9;31;82;4;1;0
46;10;21;91;1;1;0
46;11;21;66;1;2;0
46;12;12;65;2;0;0
46;13;17;63;3;0;0
46;14;27;109;10;0;0
46;15;42;120;12;6;0
46;16;32;99;8;3;0
46;17;20;83;4;0;0
46;18;24;85;0;2;0
46;19;30;120;0;4;0
46;20;29;90;4;0;0
46;21;20;83;1;1;1
46;22;24;88;3;0;0
46;23;14;50;4;0;1
46;24;27;87;4;2;0
46;25;23;62;5;1;3
46;26;29;91;5;1;0
46;27;21;57;4;0;1
46;28;34;82;9;1;0
46;29;26;77;6;1;0
46;30;18;72;8;2;0
46;31;16;77;3;0;0
46;32;32;99;5;1;0
46;33;30;93;6;1;0
46;34;24;73;10;2;0
46;35;23;66;6;1;1
46;36;18;70;0;2;0
46;37;21;75;1;1;0
46;38;16;57;0;3;1
46;39;16;64;3;1;0
46;40;31;73;5;1;0
46;41;27;86;3;0;0
46;42;18;60;4;0;0
46;43;21;51;2;2;0
46;44;6;14;1;1;0
46;45;25;78;12;0;0
46;46;36;116;7;1;0
46;47;21;77;0;1;0
46;48;24;87;9;1;0
46;49;21;68;8;0;0
46;50;34;104;12;1;0
46;51;28;87;2;1;0
46;52;17;62;3;0;0
46;53;17;49;4;4;0
46;54;23;63;2;7;0
46;55;24;81;2;0;1
46;56;32;79;6;0;0
46;57;35;104;6;2;0
46;58;35;94;11;4;1
46;59;40;95;10;2;0
46;60;48;114;21;7;0
48;1;5;37;2;0;0
48;2;7;29;2;0;0
48;3;14;60;4;0;0
48;4;11;72;5;2;0
48;5;12;60;4;0;0
48;6;16;66;7;0;0
48;7;24;111;7;5;0
48;8;18;50;3;4;0
48;9;14;52;2;3;0
48;10;16;42;7;0;0
48;11;16;51;7;0;0
48;12;18;67;7;3;0
48;13;15;70;4;2;0
48;14;15;55;0;2;0
48;15;17;61;0;4;0
48;16;15;41;0;0;0
48;17;20;81;2;2;1
48;18;23;60;1;5;0
48;19;17;49;0;2;1
48;20;28;109;0;0;0
48;21;26;89;0;1;0
48;22;19;78;1;0;0
48;23;16;58;1;0;0
48;24;15;59;2;0;1
48;25;19;86;4;1;0
48;26;19;85;2;0;0
48;27;12;49;2;0;0
48;28;16;69;1;1;0
48;29;14;56;3;1;0
48;30;18;66;4;1;0
48;31;7;23;3;2;0
48;32;9;26;4;1;1
48;33;14;49;4;2;2
48;34;24;67;8;4;0
48;35;24;87;11;1;0
48;36;26;77;10;0;0
48;37;11;39;5;1;2
48;38;15;48;5;3;1
48;39;9;28;4;1;0
48;40;21;64;8;2;0
48;41;17;59;6;2;1
48;42;19;58;5;4;0
48;43;19;57;9;0;0
48;44;17;55;6;1;1
48;45;25;85;11;2;0
48;46;23;66;7;1;2
48;47;10;37;1;0;0
48;48;12;38;2;0;1
48;49;18;93;0;0;0
48;50;19;105;0;0;0
48;51;12;66;0;0;0
48;52;11;84;1;0;0
48;53;14;59;4;0;0
48;54;18;52;2;2;1
48;55;11;38;0;0;1
48;56;14;44;3;3;0
48;57;20;69;2;0;0
48;58;8;70;0;0;0
48;59;16;108;0;1;0
48;60;26;85;4;0;1
49;1;12;42;3;1;0
49;2;12;39;5;0;0
49;3;20;43;3;3;0
49;4;23;70;11;0;0
49;5;18;58;3;0;0
49;6;23;75;4;0;0
49;7;22;62;10;3;0
49;8;32;61;8;0;0
49;9;25;61;7;0;0
49;10;20;52;3;1;0
49;11;15;33;5;2;1
49;12;13;38;2;0;0
49;13;13;33;1;0;0
49;14;25;66;9;0;0
49;15;15;64;2;0;0
49;16;5;12;1;0;0
49;17;15;39;5;0;0
49;18;19;112;0;0;0
49;19;16;77;1;0;0
49;20;13;52;0;5;0
49;21;10;46;2;0;0
49;22;20;67;2;1;0
49;23;9;56;3;1;0
49;24;12;42;3;0;0
49;25;13;34;3;1;0
49;26;21;58;6;0;0
49;27;20;64;8;0;0
49;28;19;41;7;3;0
49;29;22;70;3;4;0
49;30;16;41;1;4;0
49;31;17;26;3;2;1
49;32;22;80;5;0;6
49;33;20;53;3;0;1
49;34;24;59;8;2;0
49;35;5;42;2;0;0
49;36;3;16;0;0;0
49;37;10;81;0;0;0
49;38;20;57;0;1;0
49;39;15;56;0;0;0
49;40;15;44;3;3;0
49;41;31;81;6;2;0
49;42;7;23;1;0;0
49;43;17;49;2;1;1
49;44;23;51;5;7;0
49;45;23;54;5;1;0
49;46;26;65;11;2;0
49;47;14;55;1;3;0
49;48;11;101;0;2;0
49;49;21;82;1;0;1
49;50;27;67;1;3;0
49;51;24;65;12;0;1
49;52;27;60;10;2;0
49;53;37;70;17;2;3
49;54;27;57;8;2;0
49;55;23;55;9;0;0
51;1;33;82;13;6;0
51;2;26;66;10;5;0
51;3;17;58;3;1;0
51;4;23;90;7;7;0
51;5;41;96;14;3;0
51;6;34;81;6;6;0
51;7;32;87;14;4;0
51;8;14;49;6;1;0
51;9;23;68;10;4;0
51;10;21;72;10;2;0
51;11;20;56;3;0;3
51;12;18;51;7;1;4
51;13;21;77;7;3;0
51;14;23;66;4;0;0
51;15;12;27;5;0;1
51;16;7;24;3;0;0
51;17;24;76;6;3;0
51;18;29;78;10;1;1
51;19;19;84;5;0;0
51;20;7;14;3;1;0
51;21;18;60;8;1;3
51;22;15;79;4;1;2
51;23;17;49;6;1;0
51;24;25;100;11;2;0
51;25;19;69;8;1;0
51;26;20;81;9;0;0
51;27;10;55;4;1;0
51;28;12;39;5;2;0
51;29;25;69;10;2;0
51;30;13;60;4;0;0
51;31;15;57;3;2;0
51;32;24;77;7;8;0
51;33;15;77;3;1;1
51;34;24;50;9;5;0
51;35;19;68;7;2;0
51;36;23;72;7;1;1
51;37;25;96;10;8;0
51;38;31;88;6;5;1
51;39;16;93;6;2;0
51;40;18;54;8;4;1
51;41;19;51;9;9;2
51;42;31;96;6;10;2
51;43;11;31;5;2;2
51;44;22;93;7;1;3
51;45;13;87;3;4;1
51;46;22;78;7;3;0
51;47;22;61;6;4;1
51;48;26;81;6;8;0
51;49;21;58;9;0;1
51;50;25;65;10;2;0
51;51;16;58;7;2;0
51;52;12;66;6;0;0
51;53;14;46;4;0;0
51;54;13;36;5;1;0
51;55;23;49;8;2;0
51;56;25;77;9;0;0
51;57;18;80;6;0;1
51;58;21;80;5;1;0
51;59;24;66;9;1;0
51;60;39;91;19;3;0
52;1;30;92;10;1;0
52;2;38;113;3;0;0
52;3;33;124;2;2;0
52;4;35;134;7;4;0
52;5;35;97;10;0;0
52;6;32;129;1;1;0
52;7;31;118;6;1;0
52;8;30;94;6;0;0
52;9;32;100;1;1;0
52;10;40;111;1;1;0
52;11;27;84;2;1;2
52;12;27;82;8;1;1
52;13;27;82;4;0;0
52;14;38;95;4;3;0
52;15;41;114;11;1;0
52;16;29;96;7;1;0
52;17;38;141;9;2;0
52;18;27;88;3;1;0
52;19;30;99;5;1;0
52;20;24;82;4;0;0
52;21;32;114;4;6;1
52;22;16;70;1;1;1
52;23;11;54;0;0;0
52;24;23;93;5;2;0
52;25;19;71;1;2;1
52;26;24;78;3;3;0
52;27;27;103;9;3;0
52;28;36;113;7;1;1
52;29;40;118;12;13;0
52;30;29;111;4;1;2
52;31;27;93;9;1;0
52;32;23;74;7;1;0
52;33;27;78;9;5;0
52;34;30;81;8;2;0
52;35;25;65;9;2;3
52;36;34;101;7;5;1
52;37;36;78;7;1;1
52;38;37;103;5;6;0
52;39;33;86;12;2;0
52;40;24;68;11;1;0
52;41;23;58;8;2;0
52;42;31;65;11;2;1
52;43;29;84;8;3;1
52;44;26;142;7;0;1
52;45;27;77;3;1;0
52;46;20;72;6;3;0
52;47;28;78;11;3;0
52;48;13;64;6;0;0
52;49;20;66;6;0;0
52;50;22;64;7;0;1
52;51;19;73;8;1;0
52;52;29;71;8;2;1
52;53;12;50;2;0;0
52;54;30;79;5;0;1
52;55;25;63;12;3;0
53;1;49;99;17;3;15
53;2;46;84;14;4;1
53;3;42;85;12;1;8
53;4;34;86;2;0;0
53;5;33;68;3;0;0
53;6;26;58;0;0;3
53;7;44;84;1;4;2
53;8;43;85;4;1;3
53;9;48;97;8;4;1
53;10;49;91;6;5;0
53;11;54;100;3;1;0
53;12;34;71;9;0;9
53;13;34;80;2;1;0
53;14;36;77;7;1;2
53;15;28;62;10;1;3
53;16;46;116;18;2;6
53;17;32;73;10;0;2
53;18;37;79;4;1;6
53;19;33;80;10;2;0
53;20;31;62;2;0;0
53;21;33;66;9;1;2
53;22;29;57;3;0;1
53;23;46;86;19;7;0
53;24;31;73;7;3;2
53;25;49;99;7;4;5
53;26;36;76;4;0;2
53;27;56;105;7;12;0
53;28;32;75;12;0;2
53;29;36;75;14;0;0
53;30;33;76;12;0;0
53;31;32;85;5;0;4
53;32;11;36;0;2;0
53;33;19;47;3;0;0
53;34;20;52;6;0;3
53;35;39;63;2;1;0
53;36;33;70;6;0;0
53;37;28;70;9;3;0
53;38;42;81;12;2;0
53;39;48;81;18;0;0
53;40;36;59;17;1;2
53;41;30;69;9;2;1
53;42;31;71;5;2;0
53;43;45;77;6;2;0
53;44;42;77;14;7;1
53;45;24;60;9;0;0
53;46;32;74;12;4;0
53;47;30;80;13;3;0
53;48;45;89;15;1;2
53;49;33;73;12;0;4
53;50;25;60;12;0;1
53;51;17;37;7;0;0
53;52;28;52;13;0;3
53;53;36;80;11;1;1
53;54;41;71;16;2;2
53;55;24;55;7;2;0
53;56;27;56;12;0;0
53;57;23;40;8;1;0
53;58;27;74;11;0;1
53;59;40;91;13;1;1
53;60;25;52;7;0;2
54;1;14;37;6;0;0
54;2;13;37;0;0;0
54;3;14;40;2;0;1
54;4;29;69;4;1;1
54;5;11;50;1;0;3
54;6;29;60;1;0;1
54;7;24;44;6;1;0
54;8;20;45;2;0;0
54;9;21;56;8;0;0
54;10;21;42;2;1;0
54;11;25;48;2;0;1
54;12;21;45;6;1;0
54;13;17;38;6;2;0
54;14;20;45;6;0;0
54;15;21;44;10;0;0
54;16;26;57;6;0;0
54;17;17;42;4;0;0
54;18;18;43;7;1;7
54;19;31;56;9;0;8
54;20;21;59;1;0;0
54;21;17;28;3;0;1
54;22;20;51;5;0;0
54;23;20;43;9;0;0
54;24;23;57;5;1;0
54;25;14;38;0;0;0
54;26;18;40;8;0;0
54;27;9;16;3;0;0
54;28;34;69;7;1;2
54;29;25;54;9;1;2
54;30;29;64;9;0;0
54;31;21;42;9;0;0
54;32;20;49;5;0;4
54;33;14;32;4;0;2
54;34;22;40;7;0;1
54;35;8;22;4;0;1
54;36;11;41;4;0;0
54;37;22;49;8;0;0
54;38;23;71;8;0;0
54;39;22;45;10;0;3
54;40;42;67;21;0;0
54;41;23;52;8;0;0
54;42;21;59;10;0;0
54;43;15;40;1;0;2
54;44;25;49;6;0;0
54;45;27;61;8;0;0
54;46;19;52;3;0;0
54;47;13;45;5;0;0
54;48;16;39;5;0;0
54;49;19;36;9;0;0
54;50;9;25;1;0;0
54;51;8;17;3;0;0
54;52;24;55;6;0;0
54;53;18;40;7;0;0
54;54;12;27;5;0;0
54;55;8;27;1;0;0
54;56;8;61;0;0;0
54;57;2;10;1;0;0
54;58;11;47;2;0;0
54;59;15;41;4;0;0
54;60;23;60;9;0;0
56;1;33;88;5;5;7
56;2;17;51;1;1;2
56;3;19;66;1;2;2
56;4;29;77;2;1;8
56;5;34;80;0;1;0
56;6;34;94;0;2;1
56;7;39;105;1;2;7
56;8;36;93;1;3;3
56;9;24;48;1;3;1
56;10;26;68;1;2;5
56;11;25;68;3;7;5
56;12;26;97;0;2;3
56;13;24;67;0;2;1
56;14;11;29;0;1;1
56;15;18;74;0;2;5
56;16;29;91;0;0;15
56;17;30;75;0;4;3
56;18;20;61;0;0;1
56;19;15;54;0;0;1
56;20;23;75;0;0;1
56;21;18;57;0;0;0
56;22;32;85;5;1;3
56;23;19;49;0;2;0
56;24;25;76;1;0;4
56;25;12;47;0;0;1
56;26;21;59;0;0;3
56;27;38;85;4;3;7
56;28;25;80;2;0;3
56;29;17;35;2;3;3
56;30;24;57;1;5;2
56;31;35;76;4;5;6
56;32;31;83;3;5;1
56;33;22;54;6;2;0
56;34;41;93;7;7;2
56;35;27;68;6;1;0
56;36;49;121;10;6;8
56;37;52;117;4;4;6
56;38;37;92;6;6;4
56;39;33;79;2;3;5
56;40;24;51;0;5;1
56;41;22;62;1;2;0
56;42;21;63;1;0;1
56;43;19;44;3;1;5
56;44;32;92;4;0;13
56;45;21;51;2;0;2
56;46;25;63;2;0;0
56;47;11;35;0;1;0
56;48;20;50;5;3;3
56;49;24;76;4;4;5
56;50;26;72;7;5;1
56;51;27;71;5;5;0
56;52;22;63;4;3;2
56;53;8;25;2;1;0
56;54;13;36;5;3;3
56;55;32;81;7;1;8
56;56;27;67;6;3;5
56;57;24;78;6;5;4
56;58;14;36;2;3;3
56;59;29;74;7;6;2
56;60;28;62;3;4;5
57;1;17;49;3;2;0
57;2;25;67;3;0;0
57;3;37;78;14;0;0
57;4;17;48;3;0;0
57;5;45;89;14;1;4
57;6;43;86;12;0;0
57;7;41;74;9;0;1
57;8;24;56;6;0;3
57;9;23;57;6;0;2
57;10;35;78;3;1;0
57;11;35;78;8;0;0
57;12;42;75;7;2;0
57;13;52;94;4;1;0
57;14;23;54;2;0;0
57;15;32;69;7;0;0
57;16;24;63;5;1;0
57;17;44;74;13;0;1
57;18;29;62;7;1;0
57;19;23;55;4;1;1
57;20;26;53;3;1;0
57;21;33;75;5;0;1
57;22;12;45;6;0;0
57;23;20;55;8;0;0
57;24;16;63;8;1;2
57;25;9;14;1;0;0
57;26;27;95;5;0;0
57;27;37;69;3;0;0
57;28;46;86;6;0;0
57;29;35;85;3;1;0
57;30;27;45;0;0;0
57;31;44;83;1;0;0
57;32;36;84;0;1;0
57;33;34;77;0;1;0
57;34;31;76;5;0;0
57;35;34;75;6;0;6
57;36;26;58;4;0;0
57;37;21;67;6;1;0
57;38;11;50;2;0;1
57;39;27;82;4;0;0
57;40;30;62;7;0;0
57;41;46;95;11;1;1
57;42;39;85;13;0;0
57;43;41;84;20;1;1
57;44;53;91;16;0;0
57;45;36;77;9;0;0
57;46;23;69;4;0;0
57;47;24;60;8;0;0
57;48;38;78;13;0;0
57;49;40;84;7;0;3
57;50;23;68;6;0;0
57;51;21;55;5;0;0
57;52;22;70;6;0;1
57;53;12;50;0;0;2
57;54;18;52;3;0;2
57;55;26;71;7;0;0
57;56;32;69;14;1;0
57;57;37;83;13;0;0
57;58;19;57;6;0;0
57;59;27;66;10;0;0
57;60;40;84;17;0;0
58;1;23;70;8;0;1
58;2;19;58;2;0;0
58;3;39;89;0;1;0
58;4;24;65;0;0;0
58;5;27;63;2;0;0
58;6;28;76;0;0;0
58;7;45;99;12;0;1
58;8;14;52;2;0;1
58;9;19;54;3;0;0
58;10;11;41;1;0;0
58;11;18;57;3;0;0
58;12;18;58;4;0;0
58;13;30;92;8;5;0
58;14;19;48;6;0;2
58;15;21;72;5;1;0
58;16;26;65;8;0;0
58;17;38;82;12;2;0
58;18;21;58;6;0;0
58;19;21;62;6;0;1
58;20;21;73;5;0;0
58;21;12;66;3;0;0
58;22;10;50;1;0;0
58;23;20;46;7;2;0
58;24;12;57;0;0;0
58;25;17;53;5;0;0
58;26;13;36;5;0;0
58;27;34;79;12;0;0
58;28;18;41;6;3;0
58;29;19;64;2;0;3
58;30;24;69;4;1;0
58;31;10;32;5;0;0
58;32;9;26;0;0;0
58;33;9;27;3;1;0
58;34;12;34;4;0;3
58;35;10;39;2;0;0
58;36;11;45;4;0;1
58;37;5;58;2;0;0
58;38;15;49;6;1;0
58;39;14;53;6;0;0
58;40;23;57;10;1;0
58;41;19;42;9;0;0
58;42;17;41;8;0;0
58;43;14;54;5;0;0
58;44;13;33;2;0;0
58;45;15;47;5;0;0
58;46;9;38;1;0;0
58;47;7;33;3;0;0
58;48;23;54;10;0;0
58;49;7;30;0;0;0
58;50;13;67;5;0;0
58;51;5;40;1;0;3
58;52;10;41;4;0;0
58;53;5;26;2;0;0
58;54;13;41;6;0;0
58;55;13;42;6;0;3
58;56;3;8;1;0;0
58;57;9;49;3;0;0
58;58;3;8;1;0;0
58;59;18;54;5;0;0
58;60;15;58;6;0;0
59;1;29;68;8;2;6
59;2;21;57;3;4;6
59;3;13;41;2;4;0
59;4;19;54;1;3;6
59;5;17;52;1;5;3
59;6;17;52;3;3;1
59;7;32;75;0;2;5
59;8;17;49;0;4;2
59;9;19;60;1;1;4
59;10;12;24;1;5;0
59;11;30;60;2;1;1
59;12;16;53;3;0;2
59;13;23;58;1;4;4
59;14;9;28;0;0;2
59;15;18;48;1;3;1
59;16;24;76;0;3;6
59;17;17;48;3;2;2
59;18;8;20;1;3;3
59;19;28;75;3;6;4
59;20;24;66;0;6;2
59;21;32;88;0;4;7
59;22;13;41;0;3;4
59;23;21;61;1;4;9
59;24;10;48;1;4;2
59;25;20;57;2;6;6
59;26;17;56;0;1;4
59;27;20;49;1;6;0
59;28;16;42;0;3;2
59;29;28;73;0;9;5
59;30;17;41;2;0;8
59;31;23;56;0;4;2
59;32;19;67;0;3;0
59;33;14;38;0;4;7
59;34;15;41;1;2;8
59;35;7;44;3;0;4
59;36;18;54;1;4;5
59;37;24;63;3;2;7
59;38;16;47;0;0;1
59;39;17;44;0;3;6
59;40;5;11;1;0;0
59;41;15;37;2;5;2
59;42;22;49;2;6;5
59;43;45;93;1;12;5
59;44;21;54;5;7;3
59;45;34;82;1;3;10
59;46;24;69;6;7;4
59;47;21;46;2;0;3
59;48;27;63;4;5;4
59;49;21;58;2;3;6
59;50;2;8;0;0;1
59;51;40;101;4;6;4
59;52;6;17;2;1;0
59;53;22;48;2;5;3
59;54;15;43;1;1;4
59;55;12;37;1;4;3
59;56;7;24;0;2;2
59;57;8;22;1;1;0
59;58;16;32;2;4;3
59;59;17;42;1;4;5
59;60;15;41;0;3;1
60;1;22;47;9;1;0
60;2;14;44;2;0;1
60;3;18;50;2;0;0
60;4;17;59;2;0;0
60;5;8;54;0;0;0
60;6;26;61;13;0;0
60;7;32;70;12;1;0
60;8;21;53;5;2;0
60;9;18;49;4;0;0
60;10;12;39;6;0;0
60;11;21;59;1;1;0
60;12;3;15;1;0;0
60;13;12;37;5;0;0
60;14;22;65;2;0;2
60;15;15;53;5;0;0
60;16;16;52;0;0;0
60;17;20;60;0;0;0
60;18;14;28;5;1;0
60;19;19;47;8;0;0
60;20;25;69;8;0;5
60;21;8;32;4;0;0
60;22;16;51;3;0;0
60;23;18;55;0;0;0
60;24;9;30;4;0;0
60;25;15;48;4;0;0
60;26;21;56;4;1;1
60;27;5;11;0;0;0
60;28;12;28;0;0;0
60;29;10;23;0;0;0
60;30;24;45;0;0;0
60;31;33;77;0;0;0
60;32;26;58;0;0;0
60;33;8;29;0;0;0
60;34;25;53;0;0;1
60;35;7;25;3;0;0
60;36;10;58;4;0;1
60;37;3;24;0;0;0
60;38;9;53;4;0;0
60;39;11;27;2;0;0
60;40;8;31;0;0;0
60;41;16;68;0;0;0
60;42;26;54;8;0;0
60;43;32;68;7;2;0
60;44;12;32;2;0;0
60;45;9;31;2;0;0
60;46;14;42;5;0;0
60;47;4;45;0;0;0
60;48;16;36;0;0;0
60;49;23;40;9;6;1
60;50;14;32;7;0;0
60;51;21;47;2;0;0
60;52;24;91;5;1;0
60;53;5;20;2;0;0
60;54;9;29;1;0;0
60;55;24;55;11;0;0
60;56;24;53;10;0;0
60;57;25;61;5;2;0
60;58;18;48;2;0;0
60;59;29;63;6;0;0
60;60;13;30;6;0;0
61;1;11;32;4;0;0
61;2;8;25;1;0;0
61;3;25;49;10;0;2
61;4;13;34;6;0;0
61;5;15;44;5;0;0
61;6;5;53;0;0;0
61;7;9;23;1;0;0
61;8;11;25;4;0;0
61;9;12;38;5;0;0
61;10;6;12;1;0;0
61;11;13;34;2;0;0
61;12;32;66;15;0;0
61;13;16;52;2;0;0
61;14;15;43;3;0;0
61;15;19;66;9;2;0
61;16;20;62;8;0;0
61;17;20;54;5;0;1
61;18;15;48;4;0;0
61;19;11;44;1;0;0
61;20;7;29;0;0;0
61;21;21;57;5;0;0
61;22;21;90;8;2;0
61;23;13;41;1;0;0
61;24;29;47;4;0;0
61;25;21;57;9;0;0
61;26;19;68;1;0;0
61;27;8;31;0;0;0
61;28;17;42;6;0;0
61;29;8;32;2;0;0
61;30;5;14;1;0;0
61;31;8;35;2;1;0
61;32;19;57;8;2;1
61;33;17;55;4;0;0
61;34;13;70;2;0;0
61;35;16;51;2;0;0
61;36;4;11;2;0;0
61;37;10;25;0;0;0
61;38;3;23;0;0;0
61;39;7;15;2;0;0
61;40;3;35;1;0;0
61;41;9;26;2;0;0
61;42;21;57;2;0;0
61;43;20;59;8;0;3
61;44;9;21;1;0;0
61;45;10;44;4;0;0
61;46;9;35;3;1;0
61;47;4;9;1;0;0
61;48;8;11;2;0;0
61;49;6;8;2;0;0
61;50;16;37;6;0;0
61;51;9;46;4;0;0
61;52;11;40;4;0;0
61;53;24;56;11;0;0
61;54;12;56;6;1;0
61;55;17;60;6;1;0
61;56;7;16;3;0;0
62;1;35;99;9;2;2
62;2;21;61;6;0;3
62;3;35;86;2;3;3
62;4;26;85;4;1;0
62;5;18;44;1;0;3
62;6;34;89;4;2;3
62;7;35;94;1;4;4
62;8;25;58;1;0;2
62;9;25;72;3;1;3
62;10;19;60;2;0;1
62;11;20;78;1;1;1
62;12;16;44;0;1;0
62;13;20;70;5;4;0
62;14;30;85;5;1;5
62;15;21;66;1;1;1
62;16;15;47;2;1;5
62;17;22;55;3;1;5
62;18;21;53;3;1;7
62;19;6;14;0;1;1
62;20;8;14;1;0;2
62;21;9;28;4;0;3
62;22;34;95;5;2;14
62;23;32;88;6;4;2
62;24;23;51;3;0;0
62;25;28;60;2;0;4
62;26;39;99;13;1;6
62;27;40;90;6;1;6
62;28;28;70;3;3;2
62;29;30;94;10;0;2
62;30;18;57;3;1;2
62;31;30;79;3;1;4
62;32;25;80;3;1;4
62;33;33;86;6;2;7
62;34;17;53;4;0;2
62;35;22;60;8;0;8
62;36;10;22;1;1;1
62;37;28;62;1;1;5
62;38;30;73;3;0;9
62;39;15;59;5;0;7
62;40;15;43;1;2;0
62;41;18;48;3;0;8
62;42;22;50;3;0;11
62;43;27;72;2;0;4
62;44;15;35;3;1;4
62;45;33;86;4;4;3
62;46;31;89;7;6;5
62;47;29;84;8;1;15
62;48;30;80;7;9;11
62;49;23;55;4;4;8
62;50;37;83;7;1;4
62;51;20;55;7;1;3
62;52;28;85;3;7;2
62;53;32;89;6;2;11
62;54;31;71;4;2;5
62;55;34;76;2;0;7
62;56;28;73;3;1;7
62;57;14;48;1;0;1
62;58;24;65;7;1;5
62;59;23;57;2;0;4
62;60;24;68;3;0;6
63;1;38;87;10;0;0
63;2;31;69;13;2;0
63;3;29;77;5;0;1
63;4;29;86;1;0;0
63;5;43;95;15;0;0
63;6;52;90;20;0;1
63;7;53;94;5;0;0
63;8;13;50;0;0;0
63;9;12;29;4;0;0
63;10;27;66;4;0;0
63;11;17;49;0;0;0
63;12;20;66;4;0;0
63;13;25;70;1;0;1
63;14;22;58;3;0;0
63;15;20;61;5;0;3
63;16;34;83;12;3;0
63;17;21;64;2;0;0
63;18;39;91;4;0;0
63;19;43;89;11;1;3
63;20;38;74;9;1;2
63;21;34;81;5;0;0
63;22;30;75;12;2;0
63;23;12;63;2;0;0
63;24;22;61;2;0;0
63;25;16;54;3;0;0
63;26;23;73;9;0;0
63;27;29;69;2;1;0
63;28;43;98;0;0;0
63;29;24;65;4;0;0
63;30;12;25;4;0;0
63;31;30;71;9;0;0
63;32;29;71;10;0;0
63;33;25;73;5;0;0
63;34;17;51;0;0;0
63;35;29;68;4;0;0
63;36;12;22;2;1;0
63;37;36;91;5;1;0
63;38;23;73;7;0;0
63;39;22;57;5;1;0
63;40;39;84;19;0;0
63;41;22;61;9;1;0
63;42;30;74;10;1;0
63;43;30;71;8;0;0
63;44;35;83;17;0;0
63;45;28;65;4;0;0
63;46;21;67;8;0;0
63;47;18;56;5;1;0
63;48;25;55;6;0;0
63;49;14;53;5;0;0
63;50;15;67;2;0;0
63;51;16;57;7;0;0
63;52;28;70;11;1;0
63;53;40;90;19;0;0
63;54;25;51;12;2;0
64;1;25;67;3;1;4
64;2;33;103;1;2;4
64;3;23;53;4;1;1
64;4;19;52;3;0;0
64;5;25;68;0;0;0
64;6;29;77;3;0;4
64;7;34;86;4;2;7
64;8;30;72;3;3;1
64;9;36;81;2;4;2
64;10;26;65;2;7;3
64;11;20;45;1;6;2
64;12;30;79;0;2;4
64;13;19;54;1;0;2
64;14;19;56;3;1;2
64;15;23;70;2;2;2
64;16;31;79;6;6;7
64;17;46;108;9;1;1
64;18;37;80;7;3;3
64;19;48;93;8;1;1
64;20;25;77;4;5;1
64;21;24;70;5;1;1
64;22;9;28;0;1;0
64;23;19;79;2;4;4
64;24;24;59;0;2;3
64;25;30;91;1;4;3
64;26;14;38;0;3;1
64;27;18;50;3;0;3
64;28;11;27;1;1;0
64;29;17;36;1;4;3
64;30;26;67;1;4;1
64;31;23;61;1;1;3
64;32;14;41;2;1;1
64;33;18;43;2;1;1
64;34;17;43;1;3;3
64;35;11;31;3;5;2
64;36;18;45;0;2;2
64;37;8;33;3;0;0
64;38;18;48;1;2;3
64;39;18;55;1;0;1
64;40;32;93;6;3;6
64;41;33;87;7;1;3
64;42;14;45;2;2;0
64;43;18;47;0;1;2
64;44;11;35;2;0;0
64;45;19;55;4;0;2
64;46;30;81;9;1;4
64;47;27;72;6;4;3
64;48;33;101;6;7;0
64;49;30;60;5;8;5
64;50;12;28;5;5;3
65;1;34;86;2;5;4
65;2;24;69;1;1;3
65;3;32;86;4;1;2
65;4;23;55;0;1;4
65;5;33;85;0;1;2
65;6;20;56;1;1;1
65;7;34;98;0;1;3
65;8;32;87;3;1;4
65;9;31;77;5;0;11
65;10;37;112;2;0;3
65;11;29;83;2;1;8
65;12;32;85;3;1;8
65;13;20;54;1;0;5
65;14;22;63;0;0;3
65;15;28;76;0;2;3
65;16;29;79;0;0;8
65;17;29;73;0;0;6
65;18;35;83;1;0;11
65;19;33;80;2;0;3
65;20;19;50;1;0;1
65;21;20;54;1;1;2
65;22;11;49;1;0;1
65;23;22;68;1;0;5
65;24;18;53;0;0;6
65;25;21;57;0;0;6
65;26;25;80;0;0;11
65;27;27;84;0;0;3
65;28;28;81;1;0;2
65;29;37;89;0;0;8
65;30;17;38;0;0;0
65;31;14;34;3;0;3
65;32;27;64;1;0;2
65;33;25;75;1;2;7
65;34;31;85;1;3;3
65;35;18;44;0;2;1
65;36;26;72;1;0;2
65;37;32;84;1;1;5
65;38;36;76;4;5;2
65;39;10;28;0;3;3
65;40;25;61;1;1;8
65;41;27;67;2;0;6
65;42;28;79;3;1;6
65;43;29;87;0;7;1
65;44;31;77;3;2;8
65;45;30;61;4;3;1
65;46;24;66;2;7;6
65;47;28;67;3;0;4
65;48;33;87;2;0;10
65;49;35;91;5;1;3
65;50;44;95;2;2;4
65;51;29;80;4;3;0
65;52;29;76;3;2;2
65;53;27;64;2;4;6
